{"cameraMode":{"drawMode":0,"name":"Shaded","section":"Shading Mode"},"sceneLighting":true,"audioPlay":false,"sceneViewState":{"m_AlwaysRefresh":false,"showFog":true,"showSkybox":true,"showFlares":true,"showImageEffects":true,"showParticleSystems":true,"showVisualEffectGraphs":true,"m_FxEnabled":true},"in2DMode":false,"pivot":{"x":-69.51582336425781,"y":10.432413101196289,"z":107.07380676269531},"rotation":{"x":-0.04198763892054558,"y":-0.0005945337470620871,"z":0.000026589737899485044,"w":-0.9991171956062317},"size":111.36356353759766,"orthographic":true}