{"cameraMode":{"drawMode":0,"name":"Shaded","section":"Shading Mode"},"sceneLighting":false,"audioPlay":false,"sceneViewState":{"m_AlwaysRefresh":false,"showFog":true,"showSkybox":true,"showFlares":true,"showImageEffects":true,"showParticleSystems":true,"showVisualEffectGraphs":true,"m_FxEnabled":true},"in2DMode":false,"pivot":{"x":46.94263458251953,"y":-152.179931640625,"z":1385.082763671875},"rotation":{"x":0.08390034735202789,"y":-0.005975959822535515,"z":0.0005016591749154031,"w":0.9964578151702881},"size":1123.828369140625,"orthographic":false}